LH_Vis_1,LH_Vis_2,LH_Vis_3,LH_Vis_4,LH_Vis_5,LH_Vis_6,LH_Vis_7,LH_Vis_8,LH_Vis_9,LH_SomMot_1,LH_SomMot_2,LH_SomMot_3,LH_SomMot_4,LH_SomMot_5,LH_SomMot_6,LH_DorsAttn_Post_1,LH_DorsAttn_Post_2,LH_DorsAttn_Post_3,LH_DorsAttn_Post_4,LH_DorsAttn_Post_5,LH_DorsAttn_Post_6,LH_DorsAttn_PrCv_1,LH_DorsAttn_FEF_1,LH_SalVentAttn_ParOper_1,LH_SalVentAttn_FrOperIns_1,LH_SalVentAttn_FrOperIns_2,LH_SalVentAttn_PFCl_1,LH_SalVentAttn_Med_1,LH_SalVentAttn_Med_2,LH_SalVentAttn_Med_3,LH_Limbic_OFC_1,LH_Limbic_TempPole_1,LH_Limbic_TempPole_2,LH_Cont_Par_1,LH_Cont_PFCl_1,LH_Cont_pCun_1,LH_Cont_Cing_1,LH_Default_Temp_1,LH_Default_Temp_2,LH_Default_Par_1,LH_Default_Par_2,LH_Default_PFC_1,LH_Default_PFC_2,LH_Default_PFC_3,LH_Default_PFC_4,LH_Default_PFC_5,LH_Default_PFC_6,LH_Default_PFC_7,LH_Default_pCunPCC_1,LH_Default_pCunPCC_2,RH_Vis_1,RH_Vis_2,RH_Vis_3,RH_Vis_4,RH_Vis_5,RH_Vis_6,RH_Vis_7,RH_Vis_8,RH_SomMot_1,RH_SomMot_2,RH_SomMot_3,RH_SomMot_4,RH_SomMot_5,RH_SomMot_6,RH_SomMot_7,RH_SomMot_8,RH_DorsAttn_Post_1,RH_DorsAttn_Post_2,RH_DorsAttn_Post_3,RH_DorsAttn_Post_4,RH_DorsAttn_Post_5,RH_DorsAttn_PrCv_1,RH_DorsAttn_FEF_1,RH_SalVentAttn_TempOccPar_1,RH_SalVentAttn_TempOccPar_2,RH_SalVentAttn_FrOperIns_1,RH_SalVentAttn_Med_1,RH_SalVentAttn_Med_2,RH_Limbic_OFC_1,RH_Limbic_TempPole_1,RH_Cont_Par_1,RH_Cont_Par_2,RH_Cont_PFCl_1,RH_Cont_PFCl_2,RH_Cont_PFCl_3,RH_Cont_PFCl_4,RH_Cont_Cing_1,RH_Cont_PFCmp_1,RH_Cont_pCun_1,RH_Default_Par_1,RH_Default_Temp_1,RH_Default_Temp_2,RH_Default_Temp_3,RH_Default_PFCv_1,RH_Default_PFCv_2,RH_Default_PFCdPFCm_1,RH_Default_PFCdPFCm_2,RH_Default_PFCdPFCm_3,RH_Default_pCunPCC_1,RH_Default_pCunPCC_2
14.0968922256617,30.3751560172732,27.0432340501754,27.8419914574047,32.6076393397212,29.2190462827309,31.193009878403,28.2828125512897,27.0659924640827,19.3774728514548,16.2613609530901,16.9912897803791,17.2571669608205,27.2941933545646,22.3072309227825,33.1184653809445,21.7705037104784,33.82226172123,25.4446371582716,23.0024105582664,13.1748080121376,24.7320076900937,22.5923585647685,23.7575906010081,7.29510105839121,25.8794201950176,22.4855875214908,25.2896643371966,9.88935708045616,22.8351028216764,4.66527902876005,8.84438282795436,16.0833989027285,25.6949170040018,25.5168025448279,19.7258904157989,12.9612331573835,15.559430465045,23.6687536549138,30.3116171200833,20.314147144726,16.5368680708427,20.3133076848619,18.9282842594746,12.869704723615,21.6049919420492,19.9940353798865,24.5974954685196,15.329657636156,13.809033416876,17.3628398143335,26.347277270739,32.7922443676752,32.865763064658,35.0498897965233,31.2027084854397,31.4422324284761,30.8062393011323,24.1791391830618,27.1359343052512,14.2707844157987,19.3272591929493,17.9866956235795,26.8024170145092,19.5091607579043,23.8160255061359,35.171361157012,29.1076472672968,30.8737221398511,34.4498852221427,21.7026475416882,27.9225075471036,27.3982172256894,30.1559417936715,19.2106044191915,28.9202738979724,12.646166499016,21.877983246912,5.88345865641795,11.9231517381527,12.7974538841857,22.4285829942514,5.56585444203625,22.6178966167349,20.4021019089716,27.1223827226655,9.13642790757531,20.9179949139815,26.5904189985979,20.2951875761451,17.4492549671276,18.3747223222095,27.1118323646089,12.7973894306828,25.6505296445274,10.9561803481791,14.0283109702839,12.2719970269518,16.8230218350066,10.163824337358
9.18486690915946,13.3388474930092,21.7405974754398,12.2587087030181,14.710263812019,19.7564608998605,17.1882262447224,20.6428097650281,10.4966994244794,10.2113588864305,7.75819122222414,10.5898107340638,15.8901571576348,6.91542484240664,12.7892035466492,19.1471864824613,12.3455946491926,15.5968196746614,10.1726437648982,9.94494316241955,12.3197227606431,6.55038355614286,20.9910196797985,10.6147718630785,8.99716572950183,8.75109225106517,15.2477058798472,15.7444570706355,18.0657564955897,10.3916617671007,5.67071294352524,8.79470657157547,11.0722769568041,8.49836877720409,10.1047270823075,7.01898473547311,13.4267537419871,10.5109387728281,9.28365842408039,4.61402574557692,16.6473393235437,13.092612901183,3.40178974756494,9.35144980085906,15.7165008075076,12.9308506752168,8.52420551190627,16.1701102234832,9.85950542497567,12.8399603828738,12.5335074848383,18.5863852336479,15.0195258624074,13.852953339154,19.750136366148,19.7917377676465,19.1153049110043,15.9161858404436,12.7195936874911,10.8610741409902,13.1304073131604,15.9625231386216,14.699559380402,8.50954678783271,14.0103082042562,10.3899738563488,18.4915217105812,12.9463255195882,11.7597806718408,14.1012957837513,6.82007545621883,10.0675810412703,13.4679651930979,6.90727853452259,11.7729224206477,11.1154307748906,11.1406227367692,13.8930429462579,3.07638130794489,6.82250653629278,10.89820649495,10.9848198652659,6.13595824553603,5.97891878168008,12.2740660396388,5.68098713345719,7.54595875323731,12.6600271743775,17.6968415370536,17.9975809183351,8.12970337456436,6.88376743560681,10.0375694250029,9.671396623579,8.43340685759653,10.3303367159086,12.878716928438,14.084403920545,14.909298310261,13.2247622297074
15.9943617897217,24.782942623856,23.360903522472,18.613912270632,31.0036732488236,28.6099826852955,24.5812523005763,25.9241677317038,27.0025158348082,19.2960081007018,15.3735727042815,25.5359521186526,18.9565784609538,21.2334614463224,24.4873753571554,31.9577876624141,31.5685189883006,30.8980241200569,27.5779564883288,25.1759269910726,19.1357457420222,25.1561948199984,31.4533040044488,22.9319229287206,19.0596576231635,20.7936707564791,24.9684314185103,31.2615585596627,22.7899911150675,24.5642283964908,14.1067727602775,20.0431866841522,21.0389587458575,24.9047770729742,26.8143201865287,31.299306427541,21.4577199692962,5.74154338781211,12.1342450602908,20.9747238958654,22.3826842638418,14.2757112474638,24.0156565230341,16.6351947007072,20.9135084624618,17.0227470787029,21.0079442361828,19.0198203304654,21.1041386030338,13.1106404478239,17.9790894781788,26.0094883623749,25.7512938686976,21.7644403969125,31.2613537342125,25.9257031443159,22.7990816352174,25.6151090066666,30.5263389009897,15.811717658936,20.50666644559,20.0571536958423,23.371297571659,23.9616830039069,23.0663990187554,23.2141440669402,31.096002459076,24.7333837524388,24.9590416293942,31.9452989325625,27.0065237172048,27.8157313227561,29.1559852896891,30.4507630069634,23.9351602977528,20.983757330162,24.9475123470387,26.5722484884808,7.14320014057446,14.0844962254189,25.2881167606731,8.53513800017529,11.8123816113994,22.5855448755625,20.5024377540277,16.6521734042409,18.7081552006655,24.7613240887919,23.363367033239,11.1816243421168,10.7781100296866,17.9897349665807,12.8855848471592,22.5940185999711,15.3453200545508,18.615659845763,8.55595767700465,8.75741458908305,20.0810147932784,6.68799991351531
0.665543149407411,14.0057047740803,11.0471834418501,8.06313602866135,17.0758565789844,18.1156471772142,17.6357341608288,14.4450258367496,21.0252717862097,10.7007490034379,10.6146054491139,8.77806909279324,16.2918016506587,25.6087934862736,18.1964563007185,14.0990205511852,17.7923275200882,25.5727707875663,19.5156899781655,15.241470736538,12.7446594736395,19.1729682749741,26.3707017868748,11.6392118595502,6.46176730948535,10.7879795353662,17.1258066230061,20.5539740754551,19.2206599895697,20.8851897119788,7.09868593300786,11.7337514278011,9.00418054811655,19.8577224195743,20.4580970197342,16.618502228799,11.0283929381492,11.9827718658963,8.48492073980966,13.4928062065854,13.7827653158754,9.29157480575614,11.9345414431772,9.96371880102173,11.8890795387506,11.0821867016017,11.7563863172543,12.9370179941358,6.36710420855775,11.154580828013,11.5114018369194,14.3754758731349,16.4011967376256,7.6017746799745,17.4950190252784,20.2995203599487,10.0780918965315,13.5400409045488,9.72007437718564,9.03684103141917,12.0464819321292,17.3736244819334,17.9530350128594,16.6148158942209,18.0607166655456,16.0982990798367,22.3048033251963,19.4224879069438,22.0602229480373,21.0882822705962,18.2770076200492,17.4301177582582,24.3098011651351,18.0539945379532,17.7950033532549,12.8140597689368,16.4076595963478,21.3401476298711,9.79921173179121,5.59964434013444,14.9924152367571,13.8962006828048,9.08056488700451,19.8535217247683,13.1381207827696,20.1067042032794,12.5455613161263,17.629635837496,19.061302063281,14.0011444304798,11.2073634317758,3.46840412553987,13.5229501600423,6.37212183308697,12.9618482128462,11.1738289378828,10.7159661125068,15.6096978876657,10.740777198553,10.8818517440602
31.2301262174812,29.7760441385178,37.9311819445239,12.7367067682467,19.9189622293108,39.5489715733393,39.8205822516167,41.9432873636248,32.9619280668957,44.9980424886549,41.1759230511082,37.499389944467,34.4918434124953,34.2325311001276,43.4973527748748,37.2934760328526,42.5819346149762,47.899329549011,38.7548154177282,43.1539999766879,39.9504911769105,43.8008252925263,45.9729604797806,43.3318474727699,30.2517247186995,39.0355354050391,29.6199389850824,48.6255105509958,47.6738450676707,38.6539264329655,27.6040789849027,12.0646355281625,21.6288991447168,35.4052161610258,41.9814758393884,35.9920895486487,32.0839502694907,24.6132520627963,30.816508628029,23.5277773116273,39.2769930094747,36.5491493916052,36.0935696911162,40.4638525479448,36.2883529706782,39.0690386909671,33.5391059878862,40.8585517225195,34.2166872197653,34.8178873782132,19.1702297052486,35.9101773049909,43.7684541961327,8.35136164306103,42.8507503292687,48.3738331054727,35.1359984114568,43.4576364336307,38.1837448667616,36.4494463956219,29.1857441265368,29.5634737024101,41.7607392858365,30.4128387977005,49.846289738104,38.2377210206697,47.085008347682,43.3878830320635,44.8590648574816,47.0933682258994,49.4382497803242,48.5994227867101,42.0446115734203,40.0797831312991,45.4467280144743,35.8944907355722,46.3995521046265,45.6360374766197,23.4832298786331,23.9787525881005,36.7746165197767,34.3880144467291,33.2804037444639,47.9547145295264,28.833102133422,52.4450446300892,28.1215713154437,44.0532379824822,39.7529159739684,38.1946537013756,29.7494952637118,25.7487186735964,25.9968438456635,39.1008988300612,27.0058115863498,38.6861082962411,40.7833837458753,33.9267887736761,27.8296272167794,37.269838259635
5.45212618567562,17.0970810683814,11.6221213229731,14.6345042335508,16.9391840765316,13.1327911629057,14.2899141329096,17.7327457991689,18.2823657325764,8.99059685760016,4.33181649516727,13.8997417918575,7.80473299967787,11.7143883444865,7.35809089678568,18.0030885843496,21.1414467795349,19.224894441392,10.7284707946082,17.0795135170317,13.561498307136,15.0496895163522,13.6420193415639,17.118012740304,9.03845113818691,13.3739625691037,12.9615771383449,12.8208850986909,17.7097029032081,7.46609278027637,0.878934104281541,1.85202118866297,11.9423144865217,12.0946712680537,7.57609108587126,14.2330228646004,11.6681326583059,5.79372753168434,5.01685309864075,11.4639494627284,15.0207132077584,6.5412628490362,7.96105345133784,5.50564252576305,11.0239134491608,9.43651961227479,2.55319326071603,9.47960618877027,1.43182096944579,9.07840548556788,7.23825805538059,14.333746169008,16.3230996917135,13.4213060044803,15.2301008324261,11.8693510948508,13.8071586961104,14.6936656344278,11.1948412187465,4.45330572659978,11.334956072922,9.36239671374651,5.56060757838071,3.56936169533806,14.5859048408662,6.41641297339572,18.831396607326,13.6436777505146,15.5685661204575,19.3801773859695,20.0758028389803,13.3809198695038,14.1542584052969,8.54060882611761,16.9852644161385,17.5722775948364,17.2476907857651,13.2667803492251,3.90111222759243,4.12678171396523,19.714770992219,8.70236933311645,9.22081482572974,11.5199667186866,19.9911027749734,13.6146861008363,14.4955330607569,13.6123722126757,20.9696378179359,24.5599186002797,5.30122058423813,8.96954201259825,10.7665819079529,7.72408468533193,9.70929034474802,5.36128576810967,9.16511407037372,14.9115619574524,4.78435804295612,12.3249490889325
10.4211613973896,24.3755184850291,29.3524992888396,16.708747687265,19.1110284062963,25.524848342415,28.2811403979002,23.2034308295959,27.1596584764488,26.3608817179406,13.1923121771112,25.1729291409492,14.9345543453875,13.4241326850327,19.7902048143544,27.4019363018982,26.8801576535352,33.7800741387977,28.8935489819128,26.5931460556263,29.0944703140122,32.4300047535385,31.580319262955,29.9221936025702,20.0489194611553,23.9070037123205,17.0759357966571,28.8294442859186,28.6361834891358,24.6707037397185,7.08105052171052,9.216262082695,5.30098736390518,20.4223565654382,23.7421980566605,31.7575269729934,16.9748229778538,12.0622351486192,8.15649451666959,13.7181773826088,11.972478767563,12.1689481409597,5.63358496705984,-5.06755544124056,11.8257406076207,-1.1769686263879,10.0303072749751,14.1759355859248,11.6742336128764,10.8685516758458,10.5644110019257,24.819996934062,29.4671468321143,13.9394519107975,28.1944133678118,27.990625270605,21.7478124482123,22.5471810544851,28.9657213223577,18.0958327543296,22.3076722684143,16.3653424791019,21.7234355026817,12.0777234444663,25.6737862915659,25.9917449462224,15.5845899293711,26.3932275858865,28.514244187303,30.9049010466475,31.1821980935891,33.161177971318,30.2391002753966,23.3794454002165,26.9337931665562,28.3806749890601,26.4106238264665,30.1306763149102,0.00893004509882708,8.82041351822478,22.785416501194,1.84535765236112,18.5800254829864,18.4226721906844,28.3784543496294,26.4263253370291,19.3835955750879,20.9105742531649,25.6946561225943,17.2741295912264,6.96071499865921,17.293779301779,19.3437686805466,13.3584535568575,8.35964427632397,0.408597103678407,-1.34945936459159,18.7445962329372,19.5586326605598,7.86955827804618
18.2225753873272,37.4656392667926,30.9249367194463,18.2713888251224,35.8454971891292,27.9184660512908,36.2192483071731,32.0498108370042,31.2818585405061,37.7985590380757,19.7085314764386,37.2160952286281,23.7913390595276,26.6241743767549,38.1369451880972,38.9484017660175,38.3794046596646,35.3146944265564,23.4851213427279,42.0905175230459,11.3836505102656,32.67583419657,37.0028134335244,20.8497805252447,29.0043881412306,26.7347174229025,41.1246557584436,30.8590149765338,33.6803689322472,29.7926354001118,17.8436910276224,14.6396709251803,38.4212435069257,37.7525541175321,28.7314720011719,42.5967113658056,32.1928222767459,30.2227916489405,29.4957602948375,33.1571073450586,30.8480669872901,32.771782724178,26.5735876433947,23.3152461983227,36.3800537001406,39.8359628813902,33.7852088708516,22.9062246820639,26.1582404655881,25.4743215970146,25.399881786621,34.9957842747988,30.7372780826254,37.7973824471839,36.1607882456118,35.1412508916027,28.1684212161028,31.5332124030017,42.0332854719065,23.2841501029565,31.3732733520425,31.2509633616292,29.2732946375669,29.307795740748,21.9131405094476,34.749523927755,38.9674346392367,29.0233180251324,34.0729681347882,35.4460401444309,30.4879836946572,41.5199609180976,39.4043122253416,31.6376248123464,28.201884658855,38.648285099537,40.7079839383795,32.8933608098992,19.4515491685435,24.3393635064014,32.1594555782876,39.839233757113,42.1155127174192,44.1566066587441,41.2718054455227,39.956886935706,27.49173654087,32.6753042329129,42.0674576224525,23.7899587491824,38.6191717459441,39.2174088682834,34.2968543302633,38.4427964970591,31.660498405109,27.6939230013348,41.1303615810764,32.3118122286327,33.4787218480578,30.5177775970237
21.156237980113,38.0486119114355,40.178186686499,35.147588940531,33.8664057884696,36.8766402074841,31.9457209845389,38.5306248323746,36.2553664630284,27.0768377320309,31.8281468494044,32.8019970261705,33.0280434312728,31.519761691521,28.1576851074645,31.3284297607958,35.8119430995542,31.3647833111719,29.4551418846914,17.735232475575,21.0630488822479,34.1904788259445,37.2494739463751,24.7545659453551,18.9538785071535,27.2002131058338,29.7909078121876,25.8285843781308,32.1458219719813,28.90380762094,24.1932974002157,6.71440526754765,20.2188431860754,28.4139494974407,30.7913208058712,21.4638896060889,19.7939099746518,4.33300125386396,16.69420892761,29.2942008025456,28.6878368385195,14.3261462802914,17.2075214643299,10.0220453885607,23.6728650711123,9.71947924366456,18.3437887176164,17.9886154954458,18.1828971360363,0.625694262895307,17.0323854385068,33.4919013997831,29.7159606123947,36.0953735233444,37.0858135122162,41.5038293436853,36.1751935060166,36.7711364382144,35.0815431198848,26.5097065114579,31.8249829586372,34.8305505443486,35.6798993255462,27.3972479881772,23.7620434328561,27.6562193979498,37.3545494137153,32.7202704442878,31.2011725160481,30.7643514860463,26.1798656682388,36.0030884673894,32.9075276146534,23.7240879919366,32.3709292117319,31.7915364004066,28.685827975104,36.2840692286382,16.2330815656152,16.7841971124168,27.3653021674609,25.0649864948676,24.4425735240132,31.3038000923179,20.5125681644961,23.7070321941027,24.4088762769191,33.7390825135185,24.6764514856741,29.7213933774032,27.1408658514404,13.0381190453139,20.8266996164405,18.5880603523783,22.1709301192516,18.4047785692378,11.7817328933921,17.4362050961804,18.1447351943868,8.54717026009255
5.32497806021801,11.1424413608175,13.9038663168582,6.03387350093958,15.7320459504506,14.2863173490493,18.8752886090356,14.4264383578445,16.1180852793231,10.7604307175725,7.54226109683079,12.2575192100078,10.5493634474763,12.3566445267144,9.03397693589305,16.2500126253106,12.3490292648742,13.4093590153125,8.97324494943194,15.5478231831161,12.1730487560497,13.5147959807843,17.5515131204957,18.3415117168776,14.794644123222,14.191836407047,13.5802412196441,13.4458824964745,14.6904894269017,12.2547193880469,1.43364271559124,7.87750024349665,8.27020597035145,11.7709416225037,10.4190172444223,15.5393086260785,10.1266210142804,2.55355556036599,5.10569008120131,10.7641063960391,16.405074524622,8.65107412281877,4.9543313319654,1.41131930733313,6.0019199239354,5.21069364109072,6.56859844160645,8.05480909805009,11.3744266014711,7.34881935734565,6.17946968167765,9.9913843767686,14.700507810428,6.70517854147355,14.5875288039913,15.2575814148247,9.4919333853793,13.324338284703,11.3572008581582,9.09501954384772,8.1973470031905,9.04466478853352,5.24606484949639,3.19877480186772,10.8739924408763,4.86773958463865,22.2558177033837,11.1757270026793,11.5975168609796,14.9203921590705,18.0815997845901,15.7253327785646,16.0752991326207,11.6857647095687,11.5351859883916,16.2174251899646,16.2004491140923,15.1330437703633,0.127153361440425,9.02099064336195,20.8417394875442,5.3379786938329,10.0472703363917,15.2294338531685,15.080717975941,9.8183383906132,9.82106161275576,11.0607518735532,16.4632775465713,13.5794858283651,1.22556272209284,3.05763983896945,5.19974564025041,5.99621576244892,4.95894336571071,5.43681907549481,5.17270707109557,11.1288533525584,10.9889484180287,8.09891659187309
17.2631447995827,16.1126172478579,16.999065043189,12.5107377946502,13.2443844315086,12.716955165362,21.3277815461899,17.7165682111718,21.0182377456904,22.1590324803324,14.9847666573257,20.5572726192059,21.4594295448243,23.3048818870449,25.1234364849283,24.8174102160172,24.7486553097944,22.0651719939046,25.662200971937,15.4463607260023,25.3260692176456,19.5081458990305,23.5051394677375,24.2254341180926,13.2988622983965,19.0267387166232,19.0092884579875,24.8269089333467,24.5050145168842,22.2794989247396,4.33296558213937,13.8092970368137,16.9215470007473,24.0573775718784,17.1745520336874,15.0959067150718,17.6469183601569,19.4972870654485,23.4854642331324,23.31813048145,24.188006785517,17.891577651114,17.7749119612874,16.1378233686766,12.4019085328174,18.9954577998671,18.4028300967027,9.53356840022125,13.2414676415626,19.7640527579697,15.5540867145696,21.5502126292527,24.1571671012437,9.70524770460317,14.91274740225,16.7386429906154,15.0285349835481,15.176877547003,26.3030632841706,15.7548807938397,20.5880437880453,18.949387484932,21.3746219223776,16.7865927325616,24.6935361844626,21.3163798540325,25.9814033481346,27.8998538423301,25.1242261385696,26.0446792142051,19.0618545706013,16.2259958627423,15.8852362667135,18.4978530001856,13.5534873300377,12.9833219158975,12.1283115948506,20.7373365925539,5.67874133893442,16.4217049122647,8.13516597537735,18.2350795607149,14.4129619807656,17.385303203903,3.84625320038615,15.8272340201452,16.543131195939,16.9847153898517,25.1753293950527,21.0907624143801,21.4224451774522,11.1301984283353,20.5526790347257,20.5996986841146,16.9634729518279,20.2834342502485,21.0311542885046,10.0135822921573,15.8133380326356,20.0444278511446
24.1844287723908,31.332933171437,31.3236325950066,32.881878476026,40.2315202210012,33.9089828229136,32.8467690234279,27.4226014157197,37.2584546822801,33.9302974503602,25.1905128197974,27.7434384997342,23.5704816032915,39.270043322368,38.1342930803401,39.8996351310372,30.4215306066084,33.1164898161394,29.3057381825254,26.9848017477541,30.4817464685882,28.1513662153024,26.3869452099851,24.0297432026865,19.4152681099984,20.8660447680242,27.0295203059943,27.2693365400113,31.2493909397667,21.3339274758693,22.5605815135726,25.9165063579862,26.6044306357603,28.9230159022325,28.036942697676,25.0949859838741,19.3272372643377,23.5794736781145,28.5930614195641,32.6545310076474,28.1363898148902,17.6678500124294,23.5351748236436,11.2304793411557,25.7979009658757,19.7893877441557,22.6349394352248,26.4147494532726,17.2478013940776,16.893413719036,17.403374839907,28.7496826678309,40.5973047383326,31.5902271840731,38.657331973883,35.4005009839358,25.6497269096977,33.5719022747439,29.274688983565,27.9929844146521,26.5853027176226,27.8815404543752,33.574085713644,34.2605412653561,20.6771000415786,40.229369618825,30.5303540152763,29.3718376599544,26.8473027377378,32.5797596836257,25.5813841336815,33.6389135754763,38.3790943219474,28.181897183199,27.9025384961362,27.0862984056807,33.9234619857236,30.5311413515836,19.9001173085413,21.001996685908,25.2163467789356,19.5109773285829,21.0488284269588,28.3454316304393,23.1790681136216,41.815358791659,13.6860646076511,30.3993945151262,24.5806112502672,18.4221013790986,21.6246440132947,23.5905039908555,27.0664645825561,23.9510264652374,16.3273958967726,9.48643475117228,16.3459710690386,26.5588519061202,18.9897965638836,12.9473778374542
8.28854624809964,33.3125729082023,31.4581353119056,37.7299599910232,37.1781103010276,29.6574392253794,31.1967286887207,37.1818786959415,36.5323436194127,31.280412116971,27.5130955823281,30.1601695690907,28.3735741775621,29.2694817943179,30.7431335162457,33.5987361911216,24.6942719233994,33.2110740613128,18.0380725969299,36.7896696478973,28.7455151096178,20.1691865186551,28.9223082910895,31.2402153741303,20.3878975332483,25.45048764738,28.2240041144333,29.3312294364316,28.0594761670589,19.8503036358045,1.62967326331989,13.4087559490977,8.80586676687929,14.5749453098583,20.4128789768188,27.2341996064574,5.06479591109625,11.5527905540228,8.37320640761204,31.1000002309029,21.2158290293023,15.7795182640538,7.36344507821204,-2.08194681054073,9.02923768824709,1.51905193749875,10.6842487638777,16.2192637727894,21.3490738684238,13.1796027937226,22.6145320400513,33.4081546622112,28.1277746084158,33.6128000799127,34.5259174403496,26.3441132773209,35.5574188967513,38.5744486462137,37.441004549233,27.3013190525094,28.8744036217412,27.1104264905679,20.6006756893075,19.1347052775668,33.7103193032661,24.3267636953589,38.635884589041,26.9653163369798,19.4895329189292,35.6231106234805,37.6995139920547,33.623200565883,32.1490961867981,29.5207835724476,34.1556738115982,31.2172041006229,36.96956778901,32.0110409535538,8.32460738800085,23.5180161583409,22.7023148148631,16.4609843389848,6.77209578560864,16.0023367010494,23.5193433236097,26.6210921301976,9.04120010240908,20.415545652054,39.1743853935607,34.6462273662332,5.62629933052428,21.9388729358922,24.2629337693749,8.43518021311964,18.6143005647364,-0.819377212313207,5.3831341602271,26.4001221606802,20.9202555174818,14.0671448072175
-0.828534889507092,44.7320210026786,40.5889440120201,38.2485770781847,42.7678141221492,41.1767590409019,42.6422360093875,42.5808961064389,41.0291176285238,46.329912236594,33.3070433212797,22.6528832983119,35.1665433386475,38.8838097289554,39.7843310351058,43.3179873843984,29.8592917608306,41.8583162296937,26.6869378719867,36.2513645409926,34.4608938695546,36.1843428877276,48.4652349674704,43.5245074608417,28.8971493077684,38.8631394676382,39.8626223406769,39.244698179357,40.1119375294469,30.3329874130048,16.357330756418,14.8901160902522,27.2370764548115,31.315092940383,36.427537702539,18.3210662180017,25.9156544911338,20.3932884667332,35.6954456045533,35.1362909378613,36.3876679242574,22.234358360974,23.9638832717043,17.3381756587144,24.200164559372,22.2697081262996,33.3356873153846,32.3137479838608,16.258401056818,23.6405504094149,23.9502546931211,39.8118638422463,41.8926457744458,40.8159382293773,43.9956852087112,48.0972479422258,43.6291427967011,40.5699431701192,44.5963244955605,26.5780258576711,30.8676491801826,26.751768516434,36.645387174297,33.3374211822205,38.4486015349125,36.5779173090546,34.9552965976283,27.839551035186,40.4224004959916,41.9160189441606,36.6134229802858,43.992285754656,41.1839291282334,34.4112072972282,40.3050705097037,38.2391639167634,41.8150322227996,40.5867546762681,24.757299932003,17.7250328985682,35.4446392045486,22.960343703333,26.31581615872,42.2698907728409,35.1181484267374,30.5385074725869,20.6826573430347,30.1037042097697,34.0412315293999,26.983394563453,18.8742072995938,27.2965469902007,30.5034140191911,23.2436662531239,19.9894394060987,21.7711292092805,20.7800464563244,37.0558906489588,22.4363580583172,16.0598220135277
25.2125162203922,47.1059643629753,40.4245065969569,32.0342459692387,49.0553736810561,45.9119272724073,48.3259995489786,47.1418545470484,40.8668029133915,35.7757813246578,22.1285091712508,23.0888019185742,29.3679455936724,31.4494705752992,35.8576768987243,49.036178709713,29.757890338367,46.3245787857738,26.7201918385437,39.7078642616219,30.7277025914378,23.0490935621832,39.6836915118111,18.0108837455038,21.5617549587304,16.0899691467142,35.5419604368029,33.6298801582577,30.5486787877063,27.9513780613502,32.5266430827892,24.196215975673,36.694558820209,37.0288130277715,32.9941359317224,33.1963050942931,31.172218422519,28.5841044227581,29.8818778556713,32.4658678574534,38.8955445908069,22.7721331409319,23.4076654746603,32.4985594981829,41.348791259374,30.3091363102551,31.9805845354354,35.3869280657609,35.3147961358937,33.4839951296224,27.2327942704132,44.3184063001842,45.1819260557717,35.4907201049332,47.3158036850806,43.323057744987,42.7187106792805,40.9246098403177,29.8437145233795,21.522056953946,22.9262008674892,25.9938770092452,20.7065263998061,27.4230637726083,33.137411753957,33.7169978356604,49.0150423126532,29.0445218197688,37.290001836119,48.7889910216094,34.6383458460315,40.27054338891,34.5226304574463,45.043305519796,23.2446561275389,24.8440355841476,30.4368240642438,31.8763172949081,23.659589496102,33.0697097916339,27.6356323566233,35.260229432169,34.937906657225,36.1260870161227,31.8838045250933,42.1918579738769,29.5591996691086,33.1924045013089,43.9665010863563,40.8489053174885,38.1255898463301,25.6872494537741,35.3794074219224,28.3993930230905,23.3151235756974,32.112509913739,32.9179570446128,37.3502753514195,30.1071549817225,33.3084013518062
12.7286295257296,19.4438643284255,23.9235861202043,24.3416091521725,29.7859807738006,24.0853675790625,21.0054703783628,26.280839522422,26.5625780484908,25.2440631283908,16.1018530850754,21.7515375892472,23.6474393439212,23.4289891129318,22.3382657756893,28.5490290817598,19.6116555907146,26.1394394504841,16.5791892467244,26.5000495949061,19.8461483142265,12.004410443723,23.918586658126,12.8866776834558,15.9429270064339,11.7247901133568,17.7122416844219,17.2869662051878,16.989628998168,10.7140635194255,0.233675096995704,5.07490055585715,18.4163196475538,22.3375676522444,18.4414166054559,10.4622508651017,16.0805883403556,11.8571397299563,12.6521049247271,22.6943805123622,27.3072491278369,10.6027882894653,10.3269562308901,18.1585934516023,14.7618101864583,20.1349459152358,11.8379258790669,21.6625428317737,14.3921960108056,20.7104488384422,12.8192829016196,17.4866474440651,22.700341770636,24.4571387456363,20.6811960792201,20.9079223628715,21.5488462244909,26.9388121521324,21.915498139581,16.0095684334649,14.9702192555369,20.3557495015723,10.8190809920251,16.4924368582189,16.9531362876099,20.7702424227062,28.9065363358533,13.674398227693,19.1286525641222,23.0963709282757,20.2619749973932,18.0282464302678,20.186634349653,23.7151968186505,19.2098811678331,16.4269591991315,18.6602378562363,13.633721951583,-4.78766182447528,13.4949200109469,20.2025766473072,21.8417792534822,10.0427996377333,14.7727912469653,15.9506742560375,20.5045684884108,13.581327328637,12.8378501169479,27.2877567195893,22.9602464638405,25.482388750856,21.8137588741239,25.0371442699084,16.9618323736129,12.1274822448164,13.2032328937216,16.5761525102156,21.4999947220218,12.4318481393423,18.9596060028145
20.3197777523835,54.1690305704353,54.1648396788912,52.1666385844887,60.155278671907,56.7093318608878,52.855864702068,54.4808199857792,62.6017919160347,62.222278628238,44.0319583011636,44.4736532346568,41.2578309017423,53.8118855838245,40.9826811223179,46.4406171117839,40.1802411777669,51.1218440692971,43.9183266775416,47.9878489691548,42.3643295126159,44.2747803730322,50.7994144424192,49.5839188492816,40.9973772458456,48.1029951923801,48.0241461270185,53.6738972326455,48.6944013263935,50.0878205782664,19.5454121784583,34.1386890907135,24.2080384499774,47.7205482732143,39.5206302246658,47.6139647752581,33.7633880791369,37.8689088474501,42.42944089553,48.0772021075529,44.3649054728417,38.5864603181243,27.7956579059992,32.4352302487344,36.3274206148407,28.3071124462163,37.8173488604619,40.5473157090932,29.4209788423534,31.1267360236566,27.5417085110823,45.5930756098361,47.4456573109746,51.0645872985378,60.0383067455212,55.3995861244562,49.0208757849893,57.7749831661038,57.4555006335759,42.1326506588891,47.8108985335359,39.1518732500599,45.9349341015474,36.8166179823817,37.7974114311312,45.5826403873724,47.3745025564421,47.2532864360693,46.013727035573,51.3582428885856,47.9376387943104,55.1065270739005,49.3763699438514,45.3549150062643,45.2913069957824,52.287975621923,48.220749977141,52.3371779447454,14.2425738205409,27.1963743719271,42.8525663648483,30.1002847230448,43.3315227275015,43.181646731541,45.0736992452236,45.8656972225622,40.260554632521,49.6921504972985,55.0174789207081,48.9437281666071,37.771251487403,40.4721786462582,47.0036358628204,33.9605214702037,37.1506812403838,38.0399306307004,34.1304958984592,41.0447944295941,44.7089992306404,37.5973459666763
12.682529014867,30.5279597651387,29.9413570126738,8.61273958437536,32.619001362437,30.7070172273333,27.2824861018247,28.9106843379304,31.3667401700481,18.6946057839306,24.658305678365,21.62629570441,17.5073429248584,21.3024463670653,26.9252252030248,20.8700074327817,16.6274055700648,27.1681182449464,11.5699370599029,23.5494119674516,24.0804103454056,11.4273018195104,24.3333520591913,11.6490842725927,19.6526965306999,16.4014552560378,12.735169338421,20.2609456263974,20.8268019329559,21.4732003013339,0.208115050499228,7.79166195953021,18.0308417683551,19.4275814095412,23.0431553775855,22.4947247523508,17.6850233312942,8.02574198815882,14.6393256931782,15.6673900459924,21.3201833601015,4.23715894763576,7.57700523261325,14.8225524094169,17.54628490509,9.33086702829397,15.6842235857713,20.5110291994908,22.2404787529388,18.8887763375165,4.68524467570985,28.595469107846,23.7783700576226,22.7574715397152,33.3160781158396,28.2876120195479,23.0700578040037,28.5824526299869,29.5594793545462,18.5738276538047,21.740264428223,13.56342862815,15.9944638500205,22.281861470946,24.2186232957354,25.6456808272616,27.5954362046964,11.5089320800448,16.744339556591,21.7839067631098,25.3677367706556,19.7992027677078,26.0132067477482,17.7316821852125,16.696981159279,18.6301985914737,17.8531555170087,21.102369415823,-6.03097503829809,6.17107823053428,2.91124403367034,13.7494991758018,7.14884976929386,11.9820585861469,8.69519063846924,18.2842085503507,17.61007159189,18.9589321248068,22.5334114981121,16.6174690691865,9.52126743933062,6.04480383563895,8.4254067764187,6.60805529484479,8.25825129161221,11.9456313863957,12.9572577776113,14.1107864005879,20.9170268246152,16.5544481678179
10.9774490474439,28.7254173099253,30.3178194070999,24.1174808144997,31.1634223095362,33.4203791605092,29.3971669240429,32.9842878732608,35.0641906316768,26.9571626918409,12.9281552058212,18.5274210279542,13.869104832855,30.3048635338081,23.1689803902407,32.0605690852025,29.0942338183771,41.0294291633194,30.2914680823094,26.7615272578769,25.5275533024517,19.9005982812477,24.4172035588575,27.1216033435495,17.5721212949481,16.7582793352004,15.045514916331,22.6894213324851,25.7555431929201,14.2403322796775,5.16674823841623,13.8049928614154,14.9020756805364,32.2606915196008,26.5419800979394,33.7579636257271,24.1497193583866,3.68110319671353,11.2470920226073,18.0507816454173,24.2463069911926,19.1965445530173,14.9439408378352,1.83579435365806,11.4645872600684,20.7701124419668,20.8208664084642,10.8801556839403,12.5360453902662,25.1527813576127,16.0684910417543,30.3010794476423,33.6119468950703,30.8177269015488,34.2822725666891,34.305384944673,29.6679995374274,30.6342564341298,31.003822203159,9.75402627923302,20.1442367846006,19.5354924554918,22.4488528749205,23.8560861822911,27.1653026073566,14.5811059158851,31.6238779154152,23.4477449595811,35.9954310515548,39.7124335437501,29.7325190822964,28.8956128317946,31.4380828283828,27.0816910157502,28.0393502520013,26.810030691211,22.5526670132275,23.6145596277497,0.254491008461207,15.9267514638193,26.7153938759079,23.3192684162475,13.0245788896266,18.7313090710362,19.6801190312682,30.2281644483846,24.2736392633614,23.2385980954272,34.5144391509114,23.6740151090183,13.6296340788445,20.7742059775415,24.2417954118133,11.6581826800341,21.7130938461965,5.93888134034284,24.7836109124402,15.6936331684288,12.1655864629739,19.6347865127263
5.88797164537547,33.9511778109274,27.4315097175809,26.5588526515447,32.301147779387,30.8992831441817,38.9715600710243,34.5422817336077,35.7457330368253,32.2668325406368,25.7849507056092,30.9072967096307,36.0202100024332,37.2196267980172,34.6349462664115,35.7827438156828,21.088410063976,38.5188334331991,22.4108214933639,31.8765929946881,30.1355191439899,17.1766112046305,26.4279513861514,24.2464944849881,23.3194595275593,22.4152115318105,27.1749211846387,28.0656043935113,32.2707410708551,21.0071067895329,15.9715796774794,7.86355231204646,19.7947144992843,28.2880657001096,21.2796411987026,28.5885003190865,21.9798965539473,24.7627683727266,20.942844621177,26.1988304730186,34.7055441493406,12.0566209112455,19.9996744515918,22.9553445836265,27.8533424166916,31.755200973349,25.3011139531319,30.7280098075107,29.6359597945809,29.8687123354561,17.9808747128205,28.0014854980249,43.3216286695878,30.2975274500011,29.8979031189529,30.2735781431531,34.6265746439442,32.5827078631737,28.5474338715591,28.106189971525,22.6233691976393,34.8111839391592,34.8819451250174,32.2525877916196,32.7110262293612,28.6142565691284,36.5227940723393,27.5158386536334,27.3919004488354,41.9996256483678,32.1340551094941,26.4667547859484,26.9091828338286,32.0818693413469,26.3977534119971,24.4668594924572,36.856029212282,25.1961127689474,12.7810078184357,14.3720686414808,23.9583229129228,23.6865050596944,15.3499700950323,18.1529163692329,13.8550031325277,29.4839382959988,17.9655387609547,28.9644460959981,31.3198350837473,17.9968647734758,24.584180104061,18.6089171463066,26.3301540863287,27.1117970920944,13.9727203593439,20.4936307008775,19.6111440673784,26.2552893865407,23.8079275840219,20.2237514338725
31.8935792365104,41.2760871108704,41.2072899054263,15.6530416535826,43.4070875549826,45.1384575456991,42.6264029586057,41.9528173682916,45.5153206768048,30.6161304226531,39.0949377051672,25.0045061590958,37.3331201529365,33.5413222678624,29.6122446143588,45.8553328468722,36.2913876174666,48.0506798232407,34.5526950125686,39.6219664503431,30.8839776661912,25.6548199446897,37.2452554299107,30.042766215431,19.9914865280322,25.3877135332725,34.6630202953107,38.7323260701934,31.0224729781029,30.1245059962126,23.4673144455387,25.4436089410397,35.1056936035652,36.9629857492249,27.7139571882438,41.6611596349281,37.2464517649437,28.0377815629912,35.6875065118052,40.3885844574101,43.7886973883474,30.8960294456537,30.6535372025972,34.2994193418509,37.5032199188944,36.4060316531137,36.4277801870565,37.4772666398948,32.9253591010894,35.4390322929944,37.3783835417346,41.2307778113996,35.7804018938217,24.901586395664,44.8325967509523,41.8628749325407,37.9644371421219,42.74675917291,37.2395132017271,21.7557518143849,24.4910490017527,36.4529788867876,24.9099165181215,17.5427374197349,37.3668219883948,24.6589798126272,48.9356860106636,32.9182091596499,39.3962431046316,44.3787302981121,47.515281505923,28.410552597843,22.9868981492784,38.4435154837341,28.987616081008,18.7008491820445,36.6007591373479,21.1851565748185,20.269468719014,39.4178934414396,32.4340895974888,41.825974676233,31.3113734072171,32.8971337234008,31.7383703137436,42.9758578886066,24.5994257527772,34.0473169655709,47.6260098236966,45.8111697164764,43.1966893890223,38.3205031006633,39.9765649739864,32.5990819085084,32.8539516469338,39.5742354551166,38.2173740520382,40.7129613565962,34.1301094940327,34.8813994371911
26.7877584744368,38.2397790368672,32.0749516664646,36.5519141066985,41.0589252733174,42.4156894617716,36.9066050186484,33.8570051351976,36.6988149599708,49.6890686223207,39.4081910468113,34.4515519500303,41.112056720537,36.3849010802479,32.7360527262863,42.444267502698,36.2889072697348,36.7374241167347,35.3695547907818,29.5535460326881,36.7831139776322,39.4578885906966,39.8315141061028,37.9357471404986,40.7481377570983,26.9765941781332,40.068319779646,42.0174532777811,40.4829863974909,39.2998050020569,37.7419621146952,27.4565514874423,39.9093309134445,35.8683062046051,46.1871047427097,32.2623568187393,35.785958246933,41.2797024510329,45.9126217030778,42.0076246853324,41.4975886793509,34.7370327931946,40.6845681817644,37.2443913988331,40.8394193852733,47.7114460583297,46.0982690858924,38.7870403957669,30.876302934626,35.227770678638,34.0143326164391,41.6097806852767,40.8600096100635,39.2420301297398,38.9444074900096,36.490193914489,36.8049701000258,33.1017310933828,53.3700117903614,37.8129182742377,36.688277389931,42.0543484370244,41.6726077726062,37.9572648567685,39.894391689054,38.4057088632824,40.5145086671092,41.5511209898247,37.1090866075535,35.1078236388454,29.6845516715288,39.4082530932367,37.6553978763689,43.1681616519872,32.7050274016529,36.8345784321025,34.189060493739,34.8343997960039,37.3966851487495,33.3808495385217,29.709026381791,26.2427124111304,35.8860627068898,36.8527500778404,33.6075939316748,38.3129907456381,31.1003634009629,36.9621441542971,38.1663630713381,42.1637949156024,37.5737237813088,31.7766021313586,47.7442246209139,40.0628699318209,40.1710070465414,35.4099037170658,38.2251716329963,35.1603806617981,27.0005444659119,28.8241402626539
5.83561935042072,34.0072766116457,36.0412229306842,33.0553438209158,33.3389492058983,33.8815746468202,18.8855933715608,32.5683615575628,39.1506791107353,28.7110332757547,22.7797649578841,30.1375028970881,10.1663399417306,26.4814140226963,15.0003260134469,24.7159121188803,26.4194892586722,30.3976941488436,27.7880812795428,30.3832511819791,32.2868914381389,27.6206319466465,35.3055215709398,31.7855822932544,27.556467737588,27.4536391877231,28.129340091341,34.4031370883755,35.8613066214795,28.8634471701653,2.34162608465503,0.420503076158315,13.0425672643451,31.768066430436,26.1441777267802,28.5768101702494,28.4486503517,15.2147454019856,10.1839634758045,14.3415038793646,21.8484343801522,15.3353816409932,20.3609857097542,10.6770637277968,19.9486170624009,18.9391930848797,30.3136061573123,22.8737608939967,7.13349731521407,19.7671647362292,16.0298721371967,35.5556489925147,20.5727606089752,27.8346447194726,31.9245312921333,35.897863557766,27.7909374649104,31.8764252161568,34.6309601676653,26.1262711440317,22.6391417398908,31.921129890825,34.2884621774858,24.2995749725494,28.019930291091,18.9245747908845,30.2740145812521,28.5428654160967,27.3901780724749,30.5955384214349,32.2835955233384,26.0958222006005,32.8479918642653,26.0798988383592,28.5011663252449,32.2757011551477,37.5047134935195,35.6662620766242,1.14548041277315,13.1207465976819,28.5111549612142,31.6060657483131,19.6971343609073,19.587135623043,22.7957153761306,31.6661933235703,30.5514192652307,27.8597637276932,36.0790607038988,26.77118137636,19.5671957135144,24.7201705163426,23.9825045728621,18.8404225026992,21.9934909502805,17.8199533467989,13.616316250191,25.1389456611115,15.5460006923236,25.3083965299896
15.4901286579696,16.1519624103631,19.5868026043944,14.6652212908147,17.8625530848563,21.2803306156432,18.9768316149837,18.2754547096564,22.4029479578001,16.2816421960896,9.38316721768162,15.3873610858461,11.9986220729041,10.8615553529842,15.2208475753615,13.9235270418693,13.1572081820998,17.3481885135781,13.2169070116002,22.6994001696513,19.211907286202,6.99484367082613,13.9601936332479,14.7473544129068,17.4053306236636,10.4682176091378,13.7256502969034,12.0498330647292,14.3834153178464,4.27647445563799,8.71263900683697,9.92418597579423,10.4477309494121,13.2355636075957,5.82474820851049,17.1980426043084,13.8065832887661,11.3940041378241,10.9688881427191,11.3487366830297,13.4770961284905,6.90440584813922,2.63199853059069,13.5540212706612,15.0013994271529,12.9038730006076,9.9280560536541,15.6330516964798,16.4907178695387,17.1375190180068,18.944274551807,16.5738474892301,16.7289973378542,18.8156861894616,21.7010413455318,20.6182954647846,17.3055128829212,19.7692076517641,15.8784400263632,10.0423952995618,13.78410638275,10.4374981671919,13.338881012495,7.4696348110592,12.7165119863816,13.9751704729882,21.019779709585,13.9300073150395,10.6228598619045,20.9430125684428,18.7122892612261,17.1581735650278,14.944508097099,20.2455447122375,13.9626826195994,13.3646339385382,16.229325252112,13.9328153568076,8.9250014216843,16.239537011694,6.76931946374295,10.1044864850874,12.3453066886729,10.1950028457392,14.5092380065333,19.6849731643968,13.2371230218293,12.2239405091708,21.432146882148,15.4926522914417,12.4334888290545,12.1989703024448,12.6668107720904,11.0552414166862,13.2786223998889,14.1618258642828,16.5784565431777,16.0726494671116,14.7198190699245,15.1493767250147
2.69969923589759,40.9251548487297,33.8436723593018,43.9870197395637,36.7238035188931,27.4081298084996,48.5816333529238,45.2666405369179,39.0169142866492,61.065756554719,51.9022743824852,28.5816300172661,34.5638610641685,58.9383981790219,64.6275385421664,48.0543990217662,21.0553278471063,51.9467867244333,45.25507205366,55.2405113107281,48.0928579867291,25.3802381909854,53.9916500434734,44.4352594689497,36.8029740127784,38.7352012594583,57.8206988258598,37.4523325894665,54.8332220823458,40.1650514220707,49.5290404082143,31.437663203842,43.0550842332489,24.7671356084058,43.286218986366,44.9941122034739,49.7689099477449,23.6719592634495,31.3949232230247,52.9502500691263,48.9728340394236,42.2433093337345,34.2869801182103,47.9457566307881,50.1358134599377,41.0975053924234,1.67667610732963,34.1411525879549,40.4920819099673,46.7381944237573,6.1687273553453,44.7207291598791,59.1750286557795,42.8536172685509,45.7056476088995,41.279878753203,47.3177459197087,28.6029250798518,63.1881715383105,34.9410969629572,26.3202001748399,39.4007665158821,42.3012779630277,50.0775542549658,53.2861164063625,63.3226844763126,55.1816867400582,42.1341149896414,49.3606857337592,43.0472892337172,54.2453860838838,51.7666590955764,52.8434708374465,56.8234054420187,49.1289977142207,50.6067706550733,60.8056927699198,59.8226414449819,52.2343144781809,43.4057757975233,52.3388697695818,22.1230162652874,48.3087062658382,39.5019697843026,49.509679872674,48.695668522432,34.4538464169472,53.0310825114581,47.7670511844696,34.9142389732264,46.4248998124251,51.0865802873208,50.5529199939009,37.2774531251582,43.177183849962,26.4113289780696,51.5420851665681,36.9268131376292,44.6143575658171,38.6479368844495
3.1948234233147,17.2600481332115,14.5827875662298,10.7613004074706,18.0474466137725,17.7353510542342,27.6571369202313,23.4635014987424,23.6549988423228,23.2905110641687,14.1376022655396,22.7492789045591,20.876972546975,25.3491042147217,22.6306606523622,22.9584045670642,16.4433504921813,19.1764248068563,17.2052404690446,23.911848395167,18.1840835552946,9.74756431631333,21.6332173255376,23.5497074921866,19.4831098152874,26.0574341314402,22.4841515404086,27.9113417142317,20.7011601747094,22.5287139639148,4.19563425160003,6.36813383702583,7.73197124932319,12.9592925298841,13.0930285875826,26.1652166426242,16.4413369899431,9.98172701601536,14.8573478454084,22.541269359042,22.0830432947069,11.2631734526333,13.1985590044432,0.976260128452654,16.6079914802766,12.4909076661725,13.2673684243964,13.2877157545729,5.60726769846425,10.9168461994925,10.3491888584122,19.4146654359753,19.3654287646989,18.294835331246,23.0215932899095,18.457281701903,17.7436758883384,22.4404576410864,20.5601236119042,19.9985526689434,24.981534046411,21.2050350768063,22.4444158933372,20.2480878233354,21.2110769103255,20.6920263060252,19.9041189384983,11.3229173663924,8.84391337193681,14.604317203073,20.3705468567083,19.7389917772435,22.388157184751,23.8844284277284,19.2004217315564,23.5018285285916,17.2420263199264,26.9554764239501,1.79595004777454,14.4770756262857,20.1756033225634,9.84398615877046,11.4779499453759,13.2841775439496,16.9009665379089,18.0163356162431,14.0484996706557,13.2690025589641,27.7151460827453,22.3796339384004,2.62446034555371,15.1459421723634,18.6487069102341,15.01643682206,16.4940550542754,1.77920788389457,11.3599722443461,18.5583082890287,0.817724642612167,13.6625865008716
3.9762201086489,25.4794865930822,19.8840123360912,13.6879707627878,15.8338382060424,14.9861805907072,19.890820361496,27.1720268719242,29.6646370775689,18.8048154527913,5.55094833657618,4.18194666414411,1.30973680922529,14.0296333000906,15.1073659802811,22.2751129472527,20.2403090556592,28.0550325759628,11.9314026856802,27.7621445539916,21.5994915712203,20.4280841227305,20.9703439959248,26.4137481028919,12.1592304619701,18.1199285632674,20.7286185279143,31.6252282830313,20.0375152018494,17.6583410207342,11.8580612060142,-4.55994470507097,6.74741037399312,19.7066684405787,28.4683328479211,27.3416867809978,14.5539222783441,1.7236109018833,4.32770085154608,10.7461589087258,10.7995119294991,18.0537885526332,11.9389582139984,11.3596206160658,25.293267299709,6.47893822923087,12.2938457560452,11.6779615295578,9.96847518646629,12.2957139927782,9.11434145023401,23.8527118617329,24.9086640864849,22.9176460240665,24.2069743953435,26.8901462367625,27.28356382254,24.9598508392761,31.6328352946004,21.4265122323927,16.2855755629984,5.92530170417834,11.3957308104969,13.904504948482,17.2330668151531,16.7881641540388,29.1435843104195,19.5860681155199,31.1649942878727,31.4852775283609,26.5466392455404,33.8356354742585,18.4036455161768,26.29330938102,29.1065125253254,29.6161216953657,24.4562916914824,28.3330210340425,6.42095410410964,6.39315302957387,27.6131878256614,13.4552736758302,23.9506582083485,28.3158732305826,28.5270939273084,30.9329282289511,13.8066644811815,33.5922034604751,32.6719121276849,29.0233359287577,7.96593594577734,22.5566941600983,16.1285248847921,19.671142631885,18.6330044736252,8.53731208806291,11.8907048058402,19.5932224708958,17.3719383039038,8.62960064249785
5.45281050886048,16.480304201439,17.9147603484399,14.953338090236,14.0321190528027,19.4205570944815,22.56680509588,20.9377986540345,13.4933580905298,17.4333542052778,10.5269801550502,13.5646242072607,16.4656618906352,12.6483001436935,14.3132289346884,5.08251543274309,-0.757475115540656,5.50330881192018,5.54125651552468,15.8148989106159,17.3671354488438,-6.56084246708388,8.11699458553186,10.246974534529,14.6416538735154,10.751830100889,21.094191460297,14.7864327227594,19.695732778273,9.86395643191226,13.1881023980271,11.841565990844,1.2787240696792,-4.31805106931284,-1.29688055959395,23.2168278704506,19.4292158431114,15.9190965397948,10.1713777085755,12.3123246853567,12.1387108652177,10.9715492793083,-4.8607948439155,18.0959315972775,16.0233996157486,13.0263682964216,2.95794082877589,12.2619536344124,18.2672858667955,21.1500719000436,12.6003795472832,18.150521813535,4.41985458395609,16.1543574163617,12.8861806780812,19.770504027756,18.4966510384315,14.1891703323994,19.8757502036654,14.2573937450339,18.3307566585547,16.1362171272671,13.2990564782546,11.3210251856495,18.1990090591997,17.4712119337355,20.707601002369,6.32193766876786,-0.959171018152452,9.46538762201483,17.4984889996089,12.6948143748421,17.3311406453348,19.6154178210805,13.3767779932593,16.4588074128205,17.3663696592214,17.4875090438175,19.7169844498555,13.6854975414773,8.46311469075216,12.0072510862565,14.376093324443,8.37236987242475,21.9537866119739,20.5894315952149,19.680281442694,17.2276910753628,20.3349084712102,17.3137117859584,12.3196080071431,8.17343488952768,16.4892210286879,15.9690079618956,10.8583306744138,23.0438513760546,19.2506158029695,18.0230357946061,17.2884919814212,16.3538309091501
9.96258942688126,41.6822338522231,39.6494346291305,49.8774347570699,53.8279472718882,44.1452902867014,48.5178374852173,49.7438146262695,51.2065834766944,46.0030908845828,23.6643904836255,36.995484815665,34.6128672491209,42.176175578455,42.0697361546894,47.5920012449274,33.0583748756157,42.0305245101846,36.9507003599709,29.14795290306,42.0776770170927,22.0648461089728,26.9038714028045,42.4338430383984,26.4086633664249,28.7647145352654,27.7874038993482,35.5119985541372,39.1305012617295,30.2372978905155,19.9236861127341,24.9215282753021,31.5248443414011,35.799523025984,28.2833312221078,43.2489766529974,30.2624525165826,22.2299466220798,23.0877006748516,35.1039625352107,39.0743534296896,10.9118687975139,32.0538594261291,19.4765589561565,21.5681919143576,13.337545248357,21.9466376162242,15.6827637043129,21.6598536807234,28.2599767345306,27.881781835826,41.4430380333515,47.4353972241035,52.4553632853928,51.1902218882428,43.2892240470611,47.0649018268923,50.4046950331979,45.5677216009347,21.2305332670451,35.9133925933067,31.1471989991795,37.4915604205262,36.8214137922916,36.6649736069707,46.9295555965644,51.2303111021154,38.1998139636219,42.3100208643121,47.2730921740817,40.6188611073967,36.6758712260285,39.0475012263925,46.1545397909888,43.6552279908946,24.9761514223516,42.2969511447107,44.8886976891444,6.4748452129276,24.2261083323257,37.7236591708752,35.1513994550748,27.2156046188978,31.3286007829483,31.2077088370006,30.6512060025657,35.4033882918445,30.8966646445404,43.5101420958597,35.5278432022119,31.272546423933,23.5220426729421,34.0482023024577,16.9574743190866,15.4973060417409,24.0196216502734,5.97874841129045,22.8448693785501,22.6563075833184,29.4134798560729
4.30088143172701,22.5986451276843,17.7279996130015,14.8814675203747,21.066055304301,25.3300103313162,27.7125385031324,25.4944415659814,29.4676827327925,27.1240793373413,14.6178129020695,17.7924618266668,12.1575726064956,20.2969693755635,11.7060111588391,18.8405753884379,22.3413667825843,27.2050113180172,19.6912681861661,22.7030672557029,27.4360493836942,21.0207781996994,22.4928933365404,23.7088138337199,20.7216550093604,20.7014333272016,21.1822747488554,23.1952342620844,20.6661637544845,15.0073495366238,1.31630070581019,14.5068279107914,6.83620180847757,7.31813447355916,13.0674635263564,13.7934278932205,10.3962850529062,16.6778738017029,15.3935281786271,16.7159784064822,14.4463402300596,12.666904664189,9.47571691633312,11.3791135126697,16.229063737229,17.1070456650671,21.024932807722,9.7975040031424,5.16965011145256,12.5707203737039,10.8543809884029,15.9861792930475,22.3178438092325,16.5110420819807,23.9682465749258,22.1482490854931,24.5875496197317,27.6581512228711,25.8424644802839,8.60447143517036,15.5547960373584,7.62616623718729,12.669662757516,9.24548982531593,13.9907960344394,14.7941407596446,18.0251091450728,19.4958008891424,19.481017228636,28.5218779376133,27.3516358594391,26.9237638760265,19.5967389490208,18.7488474120995,23.6041971229788,27.0025901401345,27.2808941391133,20.7994332035909,1.75402349777333,14.7598023268261,20.1785264504397,4.03888213585977,16.9800527153001,24.7886108865732,25.0676307962393,20.4043718655561,6.94865664456155,26.071645300326,18.9738273076163,16.1547793035683,9.23400177247158,19.2450403314547,13.5113717755122,14.6446680128445,17.3735587171594,8.22823952324268,12.484283111701,17.0523925305125,4.95206621919144,6.88814772599205
22.3298908129428,29.6398387426117,37.3223543381195,30.0109036847918,32.1161721272619,25.1271891061885,31.901026991117,33.0732757562036,30.6074010594518,26.1117751632799,21.8916815861154,23.1010873859437,14.5261492569989,22.059510046456,12.9242530725173,34.524964369968,19.013439157613,30.4271664823005,18.9421775224329,31.101804210643,27.6637941825227,27.0299190274121,37.1775991730632,29.2032755569126,11.1204453806615,24.330160549133,30.0560475674352,25.3588359901821,21.8981415266309,24.4347677318966,7.77775351039243,23.2637691224887,19.7446380333812,29.8456339922352,21.5631165134017,21.3998580545337,17.3130661616046,7.34794851607568,8.60756597438156,21.5346893859983,19.7043341122464,2.22147746149062,8.16239753929265,2.17279500020768,11.8468713102261,12.756099916303,22.2225382216079,16.9595278591747,6.88337694932914,5.43856426842545,33.1094864132133,33.0104480334823,33.4128708887958,27.8381443344406,33.116560738564,28.8585322485782,32.3454110898822,33.5544076013804,23.6074380321251,21.297431883246,16.6084203942791,13.9592915681389,13.7086488486757,4.78399395757359,20.1219125125881,14.9954793726921,33.3953816775259,17.6594780219489,27.3860156797194,29.8396233146042,27.016030247339,33.7877505469104,29.9656630632243,24.9686541792319,20.8634158607285,29.7883070494525,21.8071483061026,23.2284270493496,12.4690802049422,20.0879522551691,27.876450463475,14.8972980670556,25.6059926649301,27.0333471209972,34.1016731168642,26.7797586137611,16.2935632410405,26.2265253941452,31.7515244621757,29.7122550541445,17.8221185406615,12.1140518116732,32.4023616681314,20.4391669959808,16.1617094585949,9.39545086464236,24.1956106471355,28.8260513715921,10.521688653234,5.82377416977922
34.5975315445539,46.6578253618862,46.5956739356711,29.5302622702933,33.6931736734312,37.3282438941587,56.2709662433254,48.9089107063861,40.4342390177853,45.9139776109982,25.9847608591628,40.7953407608325,32.568472918894,43.6501815024424,43.364461090588,53.6200516666092,53.0790248581754,55.1225796074134,48.2398170365092,52.9503969549746,54.2967145034674,27.0372223671392,52.0065980828174,42.7393036193641,23.4386351332845,8.81938470953503,26.8898724046407,39.0514587690727,48.1241580171269,22.9468669704728,-4.72815482226937,32.5222374983397,31.8220123669561,43.8522008713275,42.7104165629109,34.0059309656831,44.6148798699846,37.7716639493632,46.0790139921879,22.6787304898738,48.9683476908944,31.6632488878984,17.1105209377049,28.6421332205068,38.8256663288638,30.8428577167681,34.8836318657189,42.2413218306232,43.5317823482005,48.9862975422078,36.0480245932923,50.3147213106654,57.4173811782231,34.6271686323564,27.0188163342608,46.3026230280087,49.7335365749581,37.4570671964114,52.0907653711778,26.4983502138202,35.8766886996544,34.0437452189127,30.3088229367911,44.7682440611727,53.6340042724539,42.8532220112346,55.0505173555787,49.3556115036851,54.8670111280788,59.713026532977,58.0323861141738,38.1582041138633,51.6624896829522,41.2305955141816,40.106637067711,23.6297666086753,52.2362170147142,33.7447899973862,14.0232040840046,39.1434158324794,31.332035721579,29.8173783231985,15.6821865899816,28.6258747711218,19.1868711262662,40.5484961377977,35.8426814966967,34.1566549950117,46.3338286480987,41.9582040404787,40.9823122996816,41.1758106037406,31.6435102596011,30.5127356995431,19.5410014448572,17.1290171476299,19.6477003089658,45.5558706523752,41.8145387029725,36.6665953133887
11.654549022258,27.8699803686132,28.6708274180439,17.9275130705582,30.2997689322778,29.9873163004226,35.5664574913441,31.9975200525822,33.3226828406593,18.005807039879,18.1871634747542,28.9343385538021,20.2347965428999,25.6850851738427,30.6558738273682,31.2659096670968,23.3283315416694,30.648734430158,16.3251952033749,32.6444743777678,25.4815059392236,20.3373527615347,28.9946992251632,26.4723727750641,16.7304895002214,27.3783441090215,22.1545914275729,26.783324217325,30.3091655234145,26.1314347855993,6.58559451543837,10.2332133782241,19.5191647453159,24.1178029684743,19.9445837309269,30.5839839560591,21.3601501818545,9.60609719117435,19.2048415924148,27.820168717149,24.271543785984,11.9180672111892,11.4419336460895,7.9345254349698,20.2337373817948,14.7926362916938,15.5393836875093,16.0636450147677,18.6156095174289,13.9365963797155,14.9047979208531,28.7253780711519,19.5329423191961,23.1090750827864,30.79202879326,28.5886441464597,25.8220793680816,29.3307647984947,19.3550551711458,12.8754244255236,20.990423074529,18.4345028253082,25.0101235461313,16.1011393704111,22.1740989843348,31.2121997785593,31.5440175628728,6.62798737903948,19.5079411491944,28.3587919339438,31.0224966683925,22.2293023420476,22.272721763292,29.675285231153,26.9043936386617,27.4406943122383,33.2625754024647,27.1290354990463,6.67466062032087,6.48084135643641,22.6407281363639,12.0177800206166,4.3705143839614,13.5481978447273,23.2758293859736,23.5572588134009,23.4533697833293,16.8212153735339,37.0337873448044,21.8248952699993,9.71686061517529,16.2399506424207,17.3428635354717,5.44659972983039,17.896690262013,12.0417536582985,10.5633310874826,15.1848606242748,20.5870140763732,15.6467025315771
7.51393939516258,19.998281164868,14.2058735220012,16.8704810661024,22.2271062355207,14.9377422538185,22.1481637864373,22.125954474503,24.1376417112714,5.51497194200594,4.36022830819811,12.5824439805304,14.4500016811393,17.0558494551775,14.966204257507,24.9443936009723,18.9373280031012,25.4495799184255,21.3068872692729,24.6402537448565,20.1410664764418,9.75819571556735,22.9901708619512,15.6005283435641,0.357225343688714,11.6416681388749,20.0806716888624,13.0112283515001,17.3592320136535,8.14633811992348,13.449439805116,5.63798421524282,15.0482160950512,18.9140962617295,10.9837949562125,20.957457116352,18.5482870032151,12.0967409031839,14.6394865300084,15.9450049236637,21.8732220975998,9.06911625332909,9.90664381665201,8.68671672661886,14.1769976673049,14.7818268780152,15.8560515688882,15.7625973156054,13.5275186270438,22.7404893991046,9.33349516541886,19.2994162336103,19.3775887126777,20.6517937324519,23.0602925947466,12.2802463378503,19.1567777506245,21.2179676201917,13.0497993214357,11.6930137486695,14.0496201558905,14.9074558381865,15.8837072224917,11.5662960745133,15.7992406234062,14.1851647448357,23.2584003677828,20.604389225391,18.0519816250849,24.2671978850664,18.50014353802,19.8479246785041,23.706695749352,15.9940910633561,17.2911143333554,14.2626636775776,21.8161114283787,15.9198537671525,9.66587713321099,6.13597640014707,15.099934378935,12.8065753995255,11.4844215379878,16.1461915803383,20.456028271524,22.1845501752997,20.0977895037432,18.3282941875239,25.8847163435431,21.7951516978989,9.12455219408834,2.65149442629611,13.8015172106087,11.9230814305709,15.3259378951484,12.0875693537566,17.7580444830875,19.7210795154406,7.00319592349633,18.7003523625491
8.37950856018206,22.6481109248734,16.2393060283704,18.8218875280272,25.357874325226,20.6049891661688,23.3828513309566,23.045873282835,28.3898222183382,8.87280627060524,6.25624112608559,16.5170999239543,16.3204289626478,18.7945410794017,16.8366668453844,24.8121876702296,20.2055654697295,25.3040356702098,23.6471137906017,26.9150796599881,24.5789999176783,10.8470391880862,27.765952974057,19.080501601046,3.39953612360515,15.0147139972618,24.178251308534,17.5088935606039,21.605824634825,12.9617101087431,12.3207719973018,3.5087925412517,15.4068764873781,19.4900391127649,8.83552145732948,22.3934182123447,18.8036094193857,13.0324962431053,14.5077040531891,16.0795329874895,22.6983257357355,8.07564140008331,9.5228341329446,9.73406800864928,17.1819937894968,15.3636462052666,15.5106761594958,17.7486426024463,14.5670464180307,23.6082057124352,9.07034683807813,22.4638841340135,20.4311196446014,21.4571425332807,26.960750418532,16.954204332766,20.6338059663221,25.0586486331701,15.8493659164409,11.2018159678892,16.4025664789935,16.0512414680687,20.4638616247632,10.8023477066494,18.1260819401903,15.0431628563632,24.2321511687827,21.7231084940914,18.8844660869535,24.7342148211883,21.9151844271371,22.4696083769655,27.6478101210263,19.4613030748379,19.4763929839229,17.5355497083875,24.1633644935805,20.7000395327295,7.79460139248881,5.0039013702086,17.5871701698763,12.0945424002746,11.2971970074842,15.9302029347021,26.880852989936,22.7816826670192,19.9302281511796,23.4635576424394,29.055593988948,24.5289028265397,8.35494199689401,5.99713109869325,16.9988605582537,10.7305317725193,15.0285382147864,14.0731166403175,20.0488922238105,23.5352065710151,8.91317031217027,19.151115651095
18.6714882766988,41.3361386949515,36.9666996242758,53.4188576035316,43.436497627596,48.2303002711863,56.7681637286858,51.0660048843878,53.6828062666336,58.2492545407324,50.2882213854484,49.4186627063036,40.7617808500318,41.7869630589241,55.8889736488408,64.6595746018084,58.1001540042533,57.535050492032,53.6884848168429,40.9820657401544,40.4883777708734,53.620315724831,58.5506838563144,51.4887031265519,47.9404516293088,36.9218665878339,50.5417118700828,51.7082051453835,44.9109675091663,45.0957694232569,28.5697771224456,29.7975181207173,46.8887096522733,58.4583423078632,54.9731923716185,39.6243387654031,48.2466919316664,44.0610977818492,27.403806637603,51.1257071652691,47.7036197426561,31.6594222299848,39.6996822464217,37.8529167739345,52.9886946436033,45.4245858405887,47.67406538501,37.3565871172696,37.5769975949813,36.2685249309462,28.5879736136351,44.2881009373404,54.1118253571767,55.0097379667419,43.9343179252546,53.3916949684402,50.3973960387898,43.3786845374735,57.2906019254283,47.5686236915556,35.2173582388682,36.525711390576,35.1243842388382,52.3614441076183,51.217100135138,55.4047860101531,50.032986745277,46.8889659111716,55.7272315225782,47.8003001396617,32.0918997420286,46.0910778028335,52.5152552804399,50.8276566800137,41.509642015715,53.7001581794577,37.8859644407775,56.1455960816678,36.9775391564671,25.4132451924584,41.3063541358672,48.7072823692452,44.7910963451075,50.7831729594979,39.3139662934479,51.8657539972386,51.1263827567532,53.8875234749838,43.581653498599,36.6708304485948,46.804839235441,31.6652413919628,32.9663203907971,49.5721489357117,40.3004838676716,44.7046982626833,45.6339164295902,48.8607207945558,27.9260576286817,34.132989195301
20.0243178249355,40.33904493599,43.5432052751847,27.6240034600859,29.6086125367187,44.5184059032597,40.0048037858394,44.7044295642578,49.9196073044408,38.1283616141395,30.7693163989702,30.6787679349577,33.9622812201155,38.7883508516651,42.8620290554553,44.4744961592974,32.5353306364046,50.6001929411789,33.886751043543,41.8466639732265,47.3341150025733,34.9564051076877,42.7522622127673,35.2115603458886,36.0866406456523,21.9578761658593,21.3038553650638,32.1660406190343,37.9266134869839,31.1719879571864,2.6308000484602,34.8562789178927,33.0340010532889,43.6279879652043,40.3923566785564,20.1639964578102,8.48198248341093,26.0645700794565,30.23075683795,29.8536172286164,41.4848746016817,20.82800847794,32.1890068881966,26.729712941351,29.3646331192779,32.7020765432497,37.6946924133868,28.0428221669177,17.0082850031268,21.3348159117703,17.3398712889674,36.4205464163143,33.468397444401,35.7290056182303,39.8883695398379,44.5037982479416,44.1814718697317,51.0420722202777,45.1530613169924,30.0390573590994,28.9298469459641,31.6038281553256,38.2222050989587,41.566275902649,45.515932861087,39.7746376828241,48.389539886483,39.3393062747438,43.6653089811705,51.2227268570564,46.3536713559958,38.9331897857985,45.9173709097601,37.5291811285003,36.8099277448557,34.9407736875476,35.4349618127864,40.1838083761834,16.3857240371648,26.9781159018515,28.5712655103513,21.1814030697393,21.9565365327137,31.6215673574897,14.3843230817756,34.8246067024769,19.5838496773829,27.0073597347631,30.8937182740514,29.420325820515,32.239186349761,20.1628450982677,31.6052448564075,24.9293321034035,27.5881872335073,30.7914556821396,24.9162901341039,30.3473674497526,12.1437612299122,27.9036416184706
13.8456799277153,20.1710344088666,16.1036681989,17.844670652361,28.5505443881385,22.4719446162813,28.5543188975788,25.740676396354,26.9715784261044,26.3701350238206,19.5753149574855,23.3795998984615,16.5798907690794,25.0732614315715,19.7698489393321,25.7040266690306,22.4418211076755,30.4332026809006,19.8193896945886,25.8921191920207,21.3599874159874,16.9327252511596,29.7246084703874,22.8616950810602,19.827504967175,20.5681551981506,15.7723143348367,22.9894953874994,25.4317280918264,18.8671344066843,6.35672212636384,13.0922363161728,13.8811432536364,23.0548173070994,21.5090059618649,23.2906609627859,17.008040486403,13.7046966975382,13.4052005565902,29.0488313549209,21.23625720249,16.7125041095427,18.2838490390651,11.8457943093931,11.2586596768675,12.5424874100273,13.3823497637273,17.3723882917953,18.2621295917353,12.9713650666909,11.5878486082257,22.7395896575085,21.6882820501474,24.13083271651,25.7693812566688,23.0027960105222,21.5381020817194,27.1126123707486,23.2310636092219,16.6032236977183,16.2168672723899,19.3800080663608,22.0191724807534,22.2675661007579,22.4926149622933,23.5953417959494,29.7586818377313,25.9305970109486,24.9778212262419,27.2647340158346,22.1473702719461,27.2608040309921,26.0031268565465,22.0293578943437,25.0717196628692,25.8838964339154,25.1232918462521,25.0513500010723,6.79211350544995,17.9168339670418,13.7075627790743,12.4407274986866,11.6449706813891,21.8627896625957,20.774631821933,17.2624958082032,15.795053585946,19.1384406180803,24.8699053326098,7.71280202606608,11.0152611855497,13.3827330314641,18.5200445448676,13.364834669718,13.8585364493057,11.1791924561166,4.52474197833051,18.0598144588268,17.3350329657914,13.4019541491002
10.8279389976369,26.4852045443483,24.366591116341,23.8043850045925,26.3681678147596,26.2899733767048,31.8666869103053,34.0573426957276,35.3867269575438,25.2929229726193,14.9402481198725,22.5460011603913,22.3116664848469,13.2221352989294,19.6057730017389,31.1221023877653,24.671740646589,31.4556951263088,19.4323408805374,27.8936593423404,18.9366624178539,20.3061379358256,19.8867916045497,18.9432789085276,13.7888151743049,20.432410380923,27.026514557905,24.2224887313611,19.9256834450218,16.8486394050363,7.43560501417994,8.39722675613864,10.9725754483316,22.2772374740603,25.3531081712904,25.7728615761063,14.9588062963172,5.93345721791924,3.41961065484481,20.1233463683884,12.6896936203831,18.2356233349155,10.8863074113657,9.90978288334035,20.8874034267795,15.0348952688539,9.09686468822493,17.4377103133134,11.8154132451276,17.6123419147011,13.8225986152134,27.2422891959698,30.7303932974251,24.7306572259999,26.3949182552489,25.160585602051,31.0435737225387,31.5819825012743,26.0242350604991,26.2296008793808,21.1565360867182,17.557144289531,23.2202958673354,15.6433088097359,18.3164317992703,23.3596230054635,22.7705948487005,23.868238867063,28.531674014499,30.6845525008314,29.7844166747127,29.7107146340182,24.1435891521508,22.2372407602084,20.7680981231168,29.3818732317645,23.3951369226456,18.0065282848576,12.4104024204984,13.3828279473194,24.5361174363499,14.9734558062414,19.9710745413111,27.7813816326141,22.516003561243,18.0671879445016,18.6879664499163,25.6995507339764,26.3569741370998,19.2412713075012,13.0554149657177,17.5551355389693,16.2778031162575,21.3891635708323,19.290194174214,11.7085611179495,11.907038177803,20.8134931642448,7.62394542166973,14.8079370836193
