,Node,Strength
0,1,0.0
1,2,0.0
2,3,0.00012539433749150496
3,4,0.0
4,5,0.0
5,6,0.0
6,7,0.0
7,8,0.0
8,9,0.0
9,10,0.015524362655983377
10,11,0.0
11,12,0.0
12,13,0.0
13,14,0.0
14,15,0.0
15,16,0.0
16,17,0.0
17,18,0.0
18,19,0.0
19,20,0.0
20,21,0.0
21,22,0.0
22,23,0.0
23,24,0.00044630941689837974
24,25,0.0067432442234705335
25,26,0.0
26,27,0.0
27,28,0.0
28,29,0.0
29,30,0.0
30,31,0.0
31,32,0.0
32,33,0.0
33,34,0.0
34,35,0.0
35,36,0.0
36,37,0.022944012413403447
37,38,0.002914896518774148
38,39,0.0001018766041555355
39,40,0.0005106328563749428
40,41,0.0
41,42,0.01901155677098784
42,43,8.602274836602658e-05
43,44,0.0
44,45,0.0
45,46,0.0
46,47,0.0
47,48,0.0
48,49,0.0
49,50,0.0
50,51,0.0
51,52,0.0
52,53,0.014468910717140307
53,54,0.0
54,55,0.0
55,56,0.0
56,57,0.0
57,58,0.0
58,59,0.0
59,60,0.00040013871235857834
60,61,0.0
61,62,0.0
62,63,0.0
63,64,0.0
64,65,0.0021458556394366272
65,66,0.0005646122093929465
66,67,0.007904436668077258
67,68,0.0023180070257602494
68,69,0.0019785993987952444
69,70,0.0002274421338077416
70,71,0.0
71,72,0.0
72,73,1.8089543019554577e-05
73,74,0.000593581149785555
74,75,0.0
75,76,0.0006577108406347484
76,77,0.001863294918033286
77,78,0.003939309996181601
78,79,0.0024075739069906285
79,80,0.0
80,81,0.0019757388802197347
81,82,0.0
82,83,0.0001316512788374941
83,84,0.0
84,85,0.0
85,86,0.0
86,87,5.1951907339288356e-05
87,88,0.0
88,89,0.0002688178816565357
89,90,0.008458877681827277
90,91,5.9514998187396014e-05
91,92,0.0008391780793984249
92,93,0.0
93,94,0.0
94,95,0.0
95,96,0.0
96,97,0.00044094666145582816
97,98,0.0004971555894866714
98,99,0.0
99,100,0.0
100,101,0.0
101,102,0.0
102,103,0.0
103,104,0.012649395206031937
104,105,0.00020369687362167813
105,106,0.0
106,107,0.0
107,108,5.92817545092879e-05
108,109,0.0
109,110,0.0028246646491433005
110,111,0.0
111,112,0.0
112,113,0.0
113,114,0.003348186470362856
114,115,0.0013613331737974384
115,116,0.0
116,117,0.7503747786887576
117,118,0.0
118,119,0.0
119,120,0.0
120,121,0.039273350692269796
121,122,0.008234000362481692
122,123,0.00025150603588709134
123,124,0.0
124,125,0.0005952012123578483
125,126,0.0
126,127,0.0
127,128,0.0
128,129,0.0
129,130,0.0
130,131,0.0
131,132,0.00038246248397087886
132,133,0.0
133,134,0.002237479588202283
134,135,0.0
135,136,0.009591729157840633
136,137,0.0003438296085190501
137,138,0.0006832435423029291
138,139,0.01314483877743199
139,140,0.0
140,141,0.0006599319270955089
141,142,0.0007692188455486526
142,143,0.0
143,144,0.0
144,145,0.0029829100844505664
145,146,0.0
146,147,0.0
147,148,0.0
148,149,0.0012868866464703275
149,150,0.00997553777679313
150,151,0.0
151,152,0.0
152,153,0.006755262259051321
153,154,8.017817638691492e-05
154,155,0.006845343680570078
155,156,0.0
156,157,0.0
157,158,0.00040013871235857834
158,159,0.0003901263749718406
159,160,0.0003519251793015443
160,161,8.8233571072003e-05
161,162,0.0028638339350674216
162,163,0.0
163,164,0.00017753489636655934
164,165,0.008727233140423415
165,166,0.0
166,167,0.0006539857365370751
167,168,0.015464964171292646
168,169,0.0003445066372710652
169,170,0.000872874422116419
170,171,0.00010463667861347014
171,172,0.0024107627557618727
172,173,0.00017086444908323963
173,174,0.0
174,175,0.0034232219017165575
175,176,0.0022847642135108365
176,177,0.0
177,178,0.002172784148144394
178,179,0.003543505314130598
179,180,4.285533265714581e-05
180,181,0.004013846176673273
181,182,0.0
182,183,0.03208181516065515
183,184,0.0
184,185,0.0001697933742027806
185,186,0.008016347102375584
186,187,0.0
187,188,0.0
188,189,0.0
189,190,0.00011333091430243903
190,191,0.00224075451443258
191,192,0.011644167804297788
192,193,0.0
193,194,0.0003366424255771204
194,195,0.0
195,196,4.451130632693406e-05
196,197,0.0
197,198,0.0
198,199,0.0
199,200,0.0
200,201,0.0
201,202,0.0004999464709461012
202,203,0.0
203,204,0.0
204,205,0.0
205,206,0.0
206,207,0.0
207,208,0.0
208,209,0.0
209,210,0.0
210,211,0.0
211,212,0.0
212,213,0.00010957692903843869
213,214,0.0
214,215,0.0
215,216,0.0
216,217,0.0
217,218,0.0
218,219,0.0
219,220,0.0
220,221,0.0
221,222,0.0
222,223,0.0
223,224,0.0
224,225,0.0
225,226,0.0
226,227,0.00016367736840561852
227,228,0.0
228,229,0.0
229,230,0.006204712451523545
230,231,0.0
231,232,2.8267961475865818e-05
232,233,0.0
233,234,0.0027458696382876525
234,235,0.0012878900887583024
235,236,0.008767299475448267
236,237,0.0
237,238,0.0
238,239,0.0
239,240,0.0
240,241,0.0
241,242,0.0
242,243,0.0
243,244,0.0
244,245,0.0
245,246,0.0
246,247,0.0
247,248,0.0
248,249,0.0
249,250,0.0
250,251,0.00030786461186061716
251,252,0.0
252,253,0.0
253,254,0.0
254,255,0.0
255,256,0.0
256,257,0.0
257,258,0.0
258,259,0.005984516109311677
259,260,0.0
260,261,0.0
261,262,0.0
262,263,0.0
263,264,0.00022474873458254321
264,265,0.0
265,266,0.0
266,267,0.010135569810476811
267,268,0.0
268,269,0.6315933576031016
269,270,0.0
270,271,0.0
271,272,0.016324525719916213
272,273,0.0
273,274,0.0059141763278167106
274,275,0.0
275,276,0.0
276,277,0.0
277,278,0.0
278,279,0.0
279,280,0.0
280,281,0.0
281,282,0.0
282,283,0.0
283,284,0.0005146646063797877
284,285,0.0
285,286,0.001784431462357821
286,287,0.0
287,288,0.0
288,289,0.0
289,290,0.0006818756996105093
290,291,0.0
291,292,0.0031280634967494193
292,293,0.0
293,294,0.0017488425137310135
294,295,0.0020924129933090774
295,296,0.0
296,297,0.0
297,298,2.8267961475865818e-05
298,299,0.0
299,300,0.0
300,301,0.0
301,302,0.0
302,303,0.0
303,304,6.537238638132869e-05
304,305,6.28047504841869e-05
305,306,0.0
306,307,0.0
307,308,0.0
308,309,0.0
309,310,0.0007775020102555933
310,311,0.0
311,312,0.01394786038002633
312,313,0.0
313,314,0.0
314,315,0.0
315,316,0.0
316,317,0.001863294918033286
317,318,0.00032140427136286833
318,319,0.0
319,320,0.007581908904370153
320,321,0.0
321,322,0.0
322,323,0.0
323,324,0.007513531398245211
324,325,0.004148496295046835
325,326,0.0
326,327,0.0
327,328,0.0
328,329,0.0010349496239965466
329,330,0.0
330,331,0.0
331,332,0.0
332,333,0.0017163101072855437
333,334,0.0028751491087485076
334,335,0.008956748700315487
335,336,7.903963615104985e-05
336,337,0.0
337,338,0.0
338,339,0.00017635179854060798
339,340,0.004279576504634931
340,341,0.0002006720825891098
341,342,0.0
342,343,0.00020321013127517292
343,344,0.0
344,345,0.0
345,346,0.0
346,347,0.0
347,348,0.0
348,349,0.0
349,350,0.0
350,351,0.0
351,352,0.0018791566403719645
352,353,0.002062967851236354
353,354,9.441360862198996e-05
354,355,0.00025150603588709134
355,356,0.0006819910606723846
356,357,0.0
357,358,0.0010448320223079633
358,359,0.0017388606416745647
359,360,0.0001318814430024776
360,361,0.0
361,362,0.009707070274892163
362,363,0.003639725817662985
363,364,0.005052783466995926
364,365,0.00014034264328985458
365,366,0.0
366,367,0.00016025135616891314
367,368,8.73369977525852e-06
368,369,0.001876217663468303
369,370,0.0
370,371,0.0
371,372,0.0
372,373,0.0
373,374,0.0018562369119911413
374,375,0.0
375,376,0.0
376,377,2.7286062802774387e-05
377,378,0.0
378,379,0.0
379,380,0.0
380,381,0.0
381,382,8.327848551490443e-05
382,383,0.0
383,384,0.0
384,385,0.06335025596191378
385,386,0.0054138485175218585
386,387,0.0
387,388,0.004152218406776707
388,389,0.0
389,390,0.0
390,391,0.0
391,392,0.00014664253351375048
392,393,0.0
393,394,0.0
394,395,0.00018812887762417616
395,396,0.0
396,397,0.0
397,398,0.0
398,399,0.0
399,400,0.0
400,401,0.0
401,402,0.0
402,403,0.0
403,404,0.0
404,405,0.003394171514408436
405,406,0.0007758875667985229
406,407,0.0
407,408,0.0
408,409,0.0
409,410,0.0
410,411,0.0
411,412,0.00209192271891302
412,413,0.0038151360473414157
413,414,0.031247571982013656
414,415,0.00012228727215270782
415,416,0.0
416,417,0.0
417,418,0.00010573948555454956
418,419,0.0
